job_id,mode,distance,level,seed,ratio,accuracy,precision,recall,f1,f2,auc,auc_pr
manual_20260505_095326,mixed,dtw,in_domain,0,0.1,0.3291866028708134,0.05246277205040092,0.7658862876254181,0.09819897084048028,0.20589821974465025,0.5864151649359866,0.0774815804731628
manual_20260506_003217,mixed,dtw,in_domain,0,0.5,0.5776714513556619,0.0522302706824247,0.45819397993311034,0.09377138945927448,0.17936632626341975,0.5388917112756249,0.061915743852223
manual_20260505_151514,mixed,dtw,in_domain,1,0.1,0.5401913875598087,0.08241758241758242,0.8528428093645485,0.15030946065428824,0.2972027972027972,0.8483859277477709,0.614908442242882
manual_20260505_102333,mixed,dtw,in_domain,1,0.5,0.5503987240829346,0.051601423487544484,0.48494983277591974,0.09327758121582502,0.18097853220169746,0.536118552938982,0.062482786124247264
manual_20260505_102333,mixed,dtw,in_domain,3,0.1,0.5277511961722487,0.07799619530754598,0.822742474916388,0.1424847958297133,0.2827586206896552,0.8100350131544383,0.49043184603075934
manual_20260505_102334,mixed,dtw,in_domain,3,0.5,0.5666666666666667,0.0663558106169297,0.6187290969899666,0.1198574667962423,0.23217871485943778,0.6285519363657903,0.10582990550395686
manual_20260505_155021,mixed,dtw,in_domain,7,0.1,0.33078149920255184,0.052583237657864525,0.7658862876254181,0.09840996991834981,0.20626914069537022,0.5678790855915073,0.06589761342937721
manual_20260505_105340,mixed,dtw,in_domain,7,0.5,0.5390749601275917,0.030785947120608476,0.2842809364548495,0.05555555555555555,0.10740459944402325,0.6120602981299245,0.09828362189301848
manual_20260505_105340,mixed,dtw,in_domain,13,0.1,0.5467304625199362,0.0821557673348669,0.8361204013377926,0.14961101137043686,0.2948808681292757,0.8394536805261104,0.5866235871508074
manual_20260505_105340,mixed,dtw,in_domain,13,0.5,0.6033492822966507,0.059935639581657284,0.4983277591973244,0.10700179533213644,0.20233568712656166,0.5646567103318212,0.09975982608642012
manual_20260506_004622,mixed,dtw,in_domain,42,0.1,0.5086124401913875,0.07668898356664638,0.842809364548495,0.14058577405857742,0.2811244979919678,0.8155925322447571,0.5175075348939759
manual_20260505_160624,mixed,dtw,in_domain,42,0.5,0.5953748006379586,0.06560559006211181,0.5652173913043478,0.11756521739130435,0.22401908801696716,0.6244736964447449,0.09868548644741161
manual_20260505_112348,mixed,dtw,in_domain,123,0.1,0.29282296650717704,0.05239229270404849,0.8093645484949833,0.09841398942659618,0.20808254514187444,0.5865596761157187,0.078907162222126
manual_20260506_022844,mixed,dtw,in_domain,123,0.5,0.6218500797448165,0.0511265164644714,0.39464882943143814,0.09052550824702724,0.16837899543378995,0.517190949119182,0.05638689489228426
manual_20260505_115355,mixed,dtw,in_domain,256,0.1,0.5094098883572568,0.07551207581779272,0.8260869565217391,0.13837535014005603,0.2764719050817103,0.8044937375688178,0.47389372104350536
manual_20260505_115357,mixed,dtw,in_domain,256,0.5,0.5754385964912281,0.055993987222848554,0.4983277591973244,0.10067567567567567,0.19315530204822398,0.5557054190012037,0.06611024069731675
manual_20260505_115355,mixed,dtw,in_domain,512,0.1,0.5446570972886763,0.08180628272251309,0.8361204013377926,0.14903129657228018,0.2939793038570085,0.8106421841576539,0.48083535706737857
manual_20260505_172410,mixed,dtw,in_domain,512,0.5,0.5655502392344498,0.05208718138160325,0.47157190635451507,0.09381237524950099,0.180630284396618,0.5414111348664589,0.0633185963645279
manual_20260505_122403,mixed,dtw,in_domain,999,0.1,0.5023923444976076,0.0367816091954023,0.3745819397993311,0.06698564593301436,0.13204432916764913,0.5886774930559017,0.08673084902520818
manual_20260506_024016,mixed,dtw,in_domain,999,0.5,0.6070175438596491,0.054709995886466474,0.44481605351170567,0.09743589743589744,0.18334711883098978,0.5372757626185426,0.06230784942513718
manual_20260506_000943,mixed,dtw,in_domain,1337,0.1,0.433652312599681,0.05863192182410423,0.7224080267558528,0.10846095907607331,0.2213114754098361,0.6346348488149804,0.1317061323491736
manual_20260505_125410,mixed,dtw,in_domain,1337,0.5,0.5655502392344498,0.051756007393715345,0.4682274247491639,0.09320905459387484,0.1794411689310433,0.5324872894575734,0.056121128941528826
manual_20260506_021641,mixed,dtw,in_domain,2024,0.1,0.5569377990430622,0.0847571189279732,0.8461538461538461,0.1540803897685749,0.3025591963645061,0.8471928703337033,0.6496396219598686
manual_20260505_132417,mixed,dtw,in_domain,2024,0.5,0.5740031897926635,0.05279034690799397,0.4682274247491639,0.09488309047780413,0.1819126819126819,0.5390507855975005,0.06277347375481507
manual_20260504_232120,mixed,dtw,out_domain,0,0.1,0.39232894522996914,0.049767921609076844,0.7813765182186235,0.09357575757575758,0.19831483764899302,0.6295196951977745,0.06812982200394048
manual_20260505_054652,mixed,dtw,out_domain,0,0.5,0.5880058508044856,0.05795981452859351,0.6072874493927125,0.10582010582010581,0.20973154362416108,0.6442031777194948,0.11536790297395876
manual_20260504_235125,mixed,dtw,out_domain,1,0.1,0.6266861693482854,0.08769106999195495,0.8825910931174089,0.15953165020124405,0.31375935521013243,0.8679713624105589,0.5013906944231726
manual_20260504_235124,mixed,dtw,out_domain,1,0.5,0.6271737363887534,0.07157806613645877,0.6923076923076923,0.12974203338391502,0.2531832987859046,0.7282822244859067,0.19800218399490366
manual_20260504_235126,mixed,dtw,out_domain,3,0.1,0.4815537136356249,0.0528714676390155,0.7044534412955465,0.09836065573770492,0.20331853236737554,0.6516929877116663,0.08060052220066152
manual_20260504_235125,mixed,dtw,out_domain,3,0.5,0.6144969933365838,0.05300799326882625,0.5101214574898786,0.09603658536585366,0.187221396731055,0.5958073241923741,0.0728596418550828
manual_20260505_002132,mixed,dtw,out_domain,7,0.1,0.6544774906549651,0.09660798626019751,0.9109311740890689,0.17468944099378883,0.3391618932770576,0.9181179915847604,0.6981854640977605
manual_20260505_002132,mixed,dtw,out_domain,7,0.5,0.6027953843653502,0.053999187982135606,0.5384615384615384,0.0981549815498155,0.19269776876267752,0.6022510560179657,0.06717414186052983
manual_20260505_005139,mixed,dtw,out_domain,13,0.1,0.49748090362424835,0.05809257533395464,0.757085020242915,0.10790536641661858,0.2222486332303304,0.7177330128833506,0.16227382084940759
manual_20260505_005140,mixed,dtw,out_domain,13,0.5,0.6317243620997888,0.07351077313054499,0.7044534412955465,0.1331293037490436,0.2593144560357675,0.7239477865781179,0.24848704652284068
manual_20260505_005140,mixed,dtw,out_domain,42,0.1,0.6349748090362425,0.08952772073921972,0.8825910931174089,0.16256524981357195,0.31843412211510375,0.8807916467299431,0.5554850766924151
manual_20260505_064134,mixed,dtw,out_domain,42,0.5,0.6130342922151796,0.05092592592592592,0.4898785425101215,0.09226077011056043,0.17984542211652793,0.5654107330636106,0.05707805881772061
manual_20260505_012147,mixed,dtw,out_domain,123,0.1,0.6357874207703559,0.09038619556285948,0.8906882591093117,0.1641178664677359,0.32144944476914084,0.8969907772374489,0.6226160804239604
manual_20260505_012147,mixed,dtw,out_domain,123,0.5,0.6744677393141557,0.09539170506912442,0.8380566801619433,0.17128671907323129,0.32773907536415453,0.8552922917886291,0.443141343378861
manual_20260505_012147,mixed,dtw,out_domain,256,0.1,0.636274987810824,0.08880627839735647,0.8704453441295547,0.16116941529235382,0.31534174244646523,0.884648974281284,0.5574971853302584
manual_20260506_080849,mixed,dtw,out_domain,256,0.5,0.5906062083536486,0.047410358565737054,0.4817813765182186,0.08632571635836053,0.17009719839908521,0.5659228040927294,0.06314019972059517
manual_20260505_015154,mixed,dtw,out_domain,512,0.1,0.6782057532910776,0.1034324942791762,0.9149797570850202,0.18585526315789475,0.3561298455720138,0.9275847933412944,0.7908486064813907
manual_20260505_072614,mixed,dtw,out_domain,512,0.5,0.6005200715098326,0.05224787363304982,0.5222672064777328,0.09499263622974963,0.18657795776684993,0.5782392434236233,0.061354314666713955
manual_20260505_022201,mixed,dtw,out_domain,999,0.1,0.6154721274175199,0.08369351669941061,0.8623481781376519,0.15257879656160458,0.3014435324087178,0.8594903145226636,0.4961553734766304
manual_20260505_083134,mixed,dtw,out_domain,999,0.5,0.6801560214529497,0.09770920991117345,0.8461538461538461,0.1751886001676446,0.3341861208826351,0.8448801808632133,0.4155364189335643
manual_20260505_025210,mixed,dtw,out_domain,1337,0.1,0.6819437672679993,0.10489833641404805,0.9190283400809717,0.1883036084612194,0.3600888324873097,0.9332011225803445,0.7918677576562806
manual_20260505_025210,mixed,dtw,out_domain,1337,0.5,0.5982447586543149,0.04349610176446451,0.4291497975708502,0.07898658718330849,0.15474452554744525,0.5513195254671361,0.07231082960218008
manual_20260505_032216,mixed,dtw,out_domain,2024,0.1,0.6824313343084674,0.10577367205542725,0.9271255060728745,0.18988391376451078,0.3631462099587694,0.933392378024955,0.7650057581517881
manual_20260505_180920,mixed,dtw,out_domain,2024,0.5,0.6697545912562978,0.08737864077669903,0.7651821862348178,0.15684647302904564,0.29990479212948273,0.8112007140203266,0.32849102621231147
manual_20260504_131932,mixed,mmd,in_domain,0,0.1,0.344572896596018,0.057102738123098525,0.8215488215488216,0.10678336980306345,0.22340230726973084,0.6305475936229603,0.08944940599572483
manual_20260504_131932,mixed,mmd,in_domain,0,0.5,0.541907514450867,0.041935483870967745,0.3939393939393939,0.07580174927113703,0.14705882352941177,0.5429776889901659,0.061485560925113224
manual_20260504_220430,mixed,mmd,in_domain,1,0.1,0.5430314707771355,0.08552845528455284,0.8855218855218855,0.15599051008303677,0.3084682148721557,0.8640033789249773,0.6468068997281501
manual_20260504_134936,mixed,mmd,in_domain,1,0.5,0.5114001284521515,0.042028018679119414,0.42424242424242425,0.07647951441578149,0.1505016722408027,0.53211539891695,0.05801686105263613
manual_20260504_134936,mixed,mmd,in_domain,3,0.1,0.5362877328195247,0.0825008056719304,0.8619528619528619,0.15058823529411763,0.29829876485667683,0.8489878269004891,0.5709188421819407
manual_20260504_134936,mixed,mmd,in_domain,3,0.5,0.5240847784200385,0.02863202545068929,0.2727272727272727,0.05182341650671785,0.10082150858849888,0.6558145951165678,0.15316066412627818
manual_20260504_222905,mixed,mmd,in_domain,7,0.1,0.34826589595375723,0.05594900849858357,0.797979797979798,0.10456651224354732,0.21847345132743362,0.6097086188133228,0.07911678045612391
manual_20260504_141941,mixed,mmd,in_domain,7,0.5,0.5329158638407193,0.02161172161172161,0.19865319865319866,0.03898249091509746,0.07529351710056151,0.703415314273517,0.18896949143204214
manual_20260504_141941,mixed,mmd,in_domain,13,0.1,0.5287411689145793,0.08153553299492386,0.8653198653198653,0.14902870397216583,0.2960829493087558,0.8430009077454702,0.5843981214208454
manual_20260505_232534,mixed,mmd,in_domain,13,0.5,0.5200706486833655,0.01859799713876967,0.1750841750841751,0.03362431296475913,0.06526104417670682,0.7385971216691163,0.22000551040336236
manual_20260504_144947,mixed,mmd,in_domain,42,0.1,0.5258509955041747,0.0829145728643216,0.8888888888888888,0.15168055156564206,0.3019213174748399,0.862671564745414,0.5756910063826218
manual_20260504_144947,mixed,mmd,in_domain,42,0.5,0.5199100834938986,0.023700035373187125,0.2255892255892256,0.04289372599231754,0.08343711083437111,0.6805303640575939,0.15674107322194894
manual_20260505_081259,mixed,mmd,in_domain,123,0.1,0.30956968529222867,0.054727474972191326,0.8282828282828283,0.10267111853088481,0.21643498152384305,0.6244692754556185,0.08405426255390583
manual_20260505_124408,mixed,mmd,in_domain,123,0.5,0.5051380860629415,0.036605657237936774,0.37037037037037035,0.06662628709872805,0.1311709992845218,0.5826936821710047,0.07822130249391157
manual_20260504_151952,mixed,mmd,in_domain,256,0.1,0.5170199100834939,0.08098918083462132,0.8821548821548821,0.14835787089467722,0.29617906398372146,0.8478314307010985,0.4947599630639838
manual_20260504_151952,mixed,mmd,in_domain,256,0.5,0.5181438664097624,0.038881309686221006,0.3838383838383838,0.07061009600495509,0.13834951456310676,0.5574374668962429,0.07458562234487726
manual_20260504_233622,mixed,mmd,in_domain,512,0.1,0.5433526011560693,0.08204791598293404,0.8417508417508418,0.14952153110047847,0.295159386068477,0.8051986168661266,0.5031273456464949
manual_20260504_154958,mixed,mmd,in_domain,512,0.5,0.5236030828516378,0.04218106995884774,0.41414141414141414,0.0765639589169001,0.14985380116959066,0.5446296835607238,0.06542278385951125
manual_20260504_154959,mixed,mmd,in_domain,999,0.1,0.51252408477842,0.03497453310696095,0.3468013468013468,0.0635410240592227,0.12460682313089765,0.6175655276987262,0.09908878636527162
manual_20260505_084808,mixed,mmd,in_domain,999,0.5,0.5221579961464354,0.039532485390168445,0.3872053872053872,0.07174048658764816,0.14034659506956312,0.5640795069221979,0.07058677211931523
manual_20260505_010944,mixed,mmd,in_domain,1337,0.1,0.4359344894026975,0.06304347826086956,0.7811447811447811,0.11667085743022379,0.238290879211175,0.6756606700966843,0.12652473320492866
manual_20260504_165012,mixed,mmd,in_domain,1337,0.5,0.5345215157353885,0.0438288920056101,0.4208754208754209,0.07939028262940616,0.1547029702970297,0.5291798443037695,0.060151921519011255
manual_20260505_090442,mixed,mmd,in_domain,2024,0.1,0.5529865125240848,0.08673978065802593,0.8787878787878788,0.15789473684210525,0.31093638313080774,0.8835485751688752,0.7255258322072256
manual_20260504_172018,mixed,mmd,in_domain,2024,0.5,0.5351637764932563,0.04066478076379067,0.3872053872053872,0.0736,0.14317729083665337,0.5490213777180563,0.0658579274430616
manual_20260504_043350,mixed,mmd,out_domain,0,0.1,0.37772397094430993,0.04743975903614458,0.7590361445783133,0.0892983699503898,0.1897590361445783,0.6022907641328854,0.0622389384165177
manual_20260504_080916,mixed,mmd,out_domain,0,0.5,0.5585149313962873,0.05607142857142857,0.6305220883534136,0.10298458510987209,0.20679662802950474,0.6404521550716825,0.09754040104685119
manual_20260504_054709,mixed,mmd,out_domain,1,0.1,0.5990314769975786,0.07941287165976665,0.8473895582329317,0.14521679284239505,0.288803722967424,0.8481716978914648,0.5073588567505268
manual_20260504_054939,mixed,mmd,out_domain,1,0.5,0.5988700564971752,0.06867283950617284,0.714859437751004,0.12530799014431537,0.2480490523968785,0.7299416299574348,0.251420662635399
manual_20260504_082821,mixed,mmd,out_domain,3,0.1,0.4687651331719128,0.052120141342756186,0.7108433734939759,0.097119341563786,0.20150273224043716,0.6304673791026871,0.07675046063446175
manual_20260504_090803,mixed,mmd,out_domain,3,0.5,0.5736884584342211,0.05003762227238525,0.5341365461847389,0.0915032679738562,0.18199233716475094,0.5950070041349387,0.07025829859378505
manual_20260504_074839,mixed,mmd,out_domain,7,0.1,0.61727199354318,0.085546875,0.8795180722891566,0.15592737629049483,0.3079302587176603,0.8878818334218137,0.6689000711619228
manual_20260504_084728,mixed,mmd,out_domain,7,0.5,0.5383373688458434,0.052451148440178265,0.6144578313253012,0.09665192672141504,0.19550217224635827,0.6061204116837345,0.06983210270875165
manual_20260504_093541,mixed,mmd,out_domain,13,0.1,0.4886198547215496,0.05624809972636059,0.7429718875502008,0.10457885811192764,0.2158693115519253,0.6933958504721882,0.17273562396451142
manual_20260504_103658,mixed,mmd,out_domain,13,0.5,0.6016142050040355,0.06473126716359356,0.6626506024096386,0.11794138670478914,0.23272214386459802,0.7068110990885843,0.22813087203988663
manual_20260504_132431,mixed,mmd,out_domain,42,0.1,0.6103309120258272,0.08026366808840636,0.8313253012048193,0.1463932107496464,0.2895104895104895,0.8511543651903272,0.5099361101069112
manual_20260504_201530,mixed,mmd,out_domain,42,0.5,0.5740112994350283,0.0463173880030372,0.4899598393574297,0.08463406174124176,0.16804407713498623,0.563688997496883,0.0578876080197855
manual_20260504_122050,mixed,mmd,out_domain,123,0.1,0.6101694915254238,0.08185328185328185,0.8514056224899599,0.14934836209933075,0.2955939765755716,0.8717277451548542,0.5724544137191308
manual_20260504_134004,mixed,mmd,out_domain,123,0.5,0.5878934624697336,0.07802197802197802,0.8554216867469879,0.14300100704934543,0.285829307568438,0.8291551675926714,0.3742328296361191
manual_20260504_145117,mixed,mmd,out_domain,256,0.1,0.6083938660209847,0.08214971209213053,0.8594377510040161,0.14996496145760335,0.2971396834212719,0.8620448831991269,0.5124790169628314
manual_20260504_152423,mixed,mmd,out_domain,256,0.5,0.5572235673930589,0.052083333333333336,0.5823293172690763,0.09561490273656446,0.19179894179894183,0.5904208829937982,0.0651080648164411
manual_20260504_193320,mixed,mmd,out_domain,512,0.1,0.6472962066182405,0.09190556492411467,0.8755020080321285,0.16634872186188476,0.3236342042755344,0.9075028671699917,0.7507654251205544
manual_20260504_211116,mixed,mmd,out_domain,512,0.5,0.5791767554479419,0.04965622612681436,0.5220883534136547,0.09068712940355772,0.17985611510791366,0.5845149856067392,0.06554738532651694
manual_20260504_162937,mixed,mmd,out_domain,999,0.1,0.5866020984665052,0.0743740795287187,0.8112449799196787,0.13625632377740304,0.2720905172413793,0.8325674038231634,0.43796352347411244
manual_20260504_172048,mixed,mmd,out_domain,999,0.5,0.6092009685230024,0.07972136222910217,0.8273092369477911,0.14542887398517473,0.2877094972067039,0.8253268708875191,0.3823465803951766
manual_20260504_233921,mixed,mmd,out_domain,1337,0.1,0.6482647296206618,0.09213863060016907,0.8755020080321285,0.16673040152963672,0.32421177870315293,0.9041770850641044,0.733944105384489
manual_20260504_183937,mixed,mmd,out_domain,1337,0.5,0.5549636803874092,0.0508595988538682,0.570281124497992,0.09339033212758961,0.1874340021119324,0.5973081697796906,0.06830798814365249
manual_20260505_004137,mixed,mmd,out_domain,2024,0.1,0.6502017756255044,0.09295415959252971,0.8795180722891566,0.16813819577735126,0.32667064439140814,0.9019596718525633,0.7082252728282309
manual_20260505_041559,mixed,mmd,out_domain,2024,0.5,0.6122679580306699,0.07601417881055533,0.7751004016064257,0.13845050215208035,0.2729844413012729,0.7901272091392818,0.3352155968668182
manual_20260506_060233,mixed,wasserstein,in_domain,0,0.1,0.32492772245422424,0.05026394308010099,0.7711267605633803,0.09437621202327084,0.19934462042599668,0.5927018692430586,0.0767014200340638
manual_20260506_212916,mixed,wasserstein,in_domain,0,0.5,0.5668165756504979,0.04351116155883466,0.40492957746478875,0.07857874957294157,0.1521566551997883,0.513118597143277,0.048685695345643334
manual_20260506_063231,mixed,wasserstein,in_domain,1,0.1,0.5298747189206553,0.07927411652340019,0.8767605633802817,0.1454014598540146,0.2910918868365677,0.8622079159575426,0.6261320988726552
manual_20260506_063231,mixed,wasserstein,in_domain,1,0.5,0.5332476710568583,0.05194805194805195,0.5352112676056338,0.09470404984423676,0.18709995076317087,0.5541312499703708,0.06503828095251281
manual_20260506_063231,mixed,wasserstein,in_domain,3,0.1,0.5032123353678124,0.07452287185701302,0.8661971830985915,0.13723849372384936,0.2772143340094658,0.8379363186862677,0.5288990474791687
manual_20260506_063231,mixed,wasserstein,in_domain,3,0.5,0.5216832637327337,0.030006978367062107,0.3028169014084507,0.054603174603174605,0.10744627686156921,0.6306277584727482,0.11674670621100189
manual_20260506_070236,mixed,wasserstein,in_domain,7,0.1,0.324606488917443,0.05024088093599449,0.7711267605633803,0.09433555890587982,0.19927206551410373,0.5885330495256968,0.07718945856150483
manual_20260506_070237,mixed,wasserstein,in_domain,7,0.5,0.5268230003212335,0.024303073624017155,0.23943661971830985,0.04412719013627515,0.0864260294865277,0.6733292721661506,0.15956230255740067
manual_20260506_130417,mixed,wasserstein,in_domain,13,0.1,0.5326052039832958,0.07916666666666666,0.8697183098591549,0.14512338425381904,0.29017857142857145,0.8480629654737583,0.5949181920653718
manual_20260506_073241,mixed,wasserstein,in_domain,13,0.5,0.5093157725666559,0.02207657813038979,0.22535211267605634,0.04021363493559535,0.07930607187112763,0.7058182145718471,0.18814597974634775
manual_20260506_073242,mixed,wasserstein,in_domain,42,0.1,0.49903629938965627,0.07368421052631578,0.8626760563380281,0.13577168190634525,0.27460210715086303,0.8253131207304412,0.5217050528428545
manual_20260506_073242,mixed,wasserstein,in_domain,42,0.5,0.5573401863154513,0.03463855421686747,0.323943661971831,0.06258503401360545,0.12130801687763712,0.5878521719343324,0.10017684688843165
manual_20260506_133222,mixed,wasserstein,in_domain,123,0.1,0.29938965628011566,0.050683120317320404,0.8098591549295775,0.09539610120282041,0.20267888614733875,0.5913567063776126,0.08505577659805025
manual_20260506_080246,mixed,wasserstein,in_domain,123,0.5,0.5003212335367813,0.036709275647328746,0.39436619718309857,0.06716641679160419,0.13374731311201338,0.5903789448234341,0.0797753274742058
manual_20260506_080247,mixed,wasserstein,in_domain,256,0.1,0.49694828140057823,0.07365269461077845,0.8661971830985915,0.1357615894039735,0.27479892761394104,0.8247104640634112,0.48458497773816295
manual_20260506_080247,mixed,wasserstein,in_domain,256,0.5,0.5059428204304529,0.03774834437086093,0.4014084507042254,0.06900726392251816,0.13715110683349377,0.5638460517395859,0.06473772379962449
manual_20260506_135321,mixed,wasserstein,in_domain,512,0.1,0.5170253774494057,0.07625272331154684,0.8626760563380281,0.14012010294538177,0.28167394803403084,0.8365230088034096,0.5375749330971228
manual_20260506_142425,mixed,wasserstein,in_domain,512,0.5,0.5962094442659813,0.05004035512510089,0.43661971830985913,0.08979000724112962,0.17155506364139458,0.5299609843510744,0.06116772009207956
manual_20260506_083252,mixed,wasserstein,in_domain,999,0.1,0.49469964664310956,0.033268101761252444,0.3591549295774648,0.0608955223880597,0.1213707758210376,0.6111104526858221,0.07322664111374244
manual_20260506_083251,mixed,wasserstein,in_domain,999,0.5,0.5032123353678124,0.03570247933884298,0.38028169014084506,0.06527651858567543,0.12977649603460706,0.5754985991343551,0.07156764798269644
manual_20260506_143725,mixed,wasserstein,in_domain,1337,0.1,0.4185672984259557,0.05661881977671451,0.75,0.10528917449332674,0.21743568803593302,0.6346620619035656,0.11268844149955654
manual_20260506_090257,mixed,wasserstein,in_domain,1337,0.5,0.5244137487953743,0.03604852686308492,0.36619718309859156,0.06563584727043231,0.12932106441183785,0.5493111817996501,0.056040904763002344
manual_20260506_093302,mixed,wasserstein,in_domain,2024,0.1,0.5316415033729521,0.07901471529110685,0.8697183098591549,0.14486803519061583,0.2897700610042233,0.8708507355137219,0.6990715915417666
manual_20260506_093302,mixed,wasserstein,in_domain,2024,0.5,0.5284291680051397,0.041176470588235294,0.41901408450704225,0.07498424700693132,0.1477893691008445,0.5372770111073712,0.05650164130610103
manual_20260506_013832,mixed,wasserstein,out_domain,0,0.1,0.3761497498789737,0.052186878727634195,0.8015267175572519,0.09799346710219319,0.20701892744479491,0.6373569908101121,0.07570152211443837
manual_20260506_103147,mixed,wasserstein,out_domain,0,0.5,0.6027109891883169,0.06349206349206349,0.6106870229007634,0.11502516175413371,0.22421524663677128,0.6511939137089462,0.11060442772087693
manual_20260505_202925,mixed,wasserstein,out_domain,1,0.1,0.6162659351299016,0.08832684824902724,0.8664122137404581,0.16031073446327684,0.3137092316196794,0.861218544409217,0.49834323322942703
manual_20260505_202954,mixed,wasserstein,out_domain,1,0.5,0.6225593028884945,0.0759493670886076,0.7099236641221374,0.13721873847288824,0.2659422362024592,0.7287362457153514,0.20876434176567552
manual_20260505_202955,mixed,wasserstein,out_domain,3,0.1,0.46925931902533485,0.0581021897810219,0.7595419847328244,0.10794684024952536,0.22244578582606753,0.6576287645420812,0.09132375691130348
manual_20260505_202956,mixed,wasserstein,out_domain,3,0.5,0.5983540422785218,0.05795950774116713,0.5572519083969466,0.10499820208558072,0.2046537706756378,0.6009357093705988,0.07721478173153556
manual_20260506_105052,mixed,wasserstein,out_domain,7,0.1,0.6372438276585445,0.09568403908794788,0.8969465648854962,0.17292126563649743,0.3353310502283105,0.9098349164292558,0.6894888658096402
manual_20260505_210001,mixed,wasserstein,out_domain,7,0.5,0.5951266741971922,0.057154119038234134,0.5534351145038168,0.1036084315827081,0.202231520223152,0.6096908622031293,0.08196551630324829
manual_20260505_210002,mixed,wasserstein,out_domain,13,0.1,0.5002420526060998,0.06451612903225806,0.8015267175572519,0.11941996019334661,0.2440158029281896,0.7187482716708361,0.16441935715488604
manual_20260505_210002,mixed,wasserstein,out_domain,13,0.5,0.6278844602226884,0.07416666666666667,0.6793893129770993,0.13373403456048083,0.2581206496519721,0.7184376547457507,0.24584246555709494
manual_20260506_024046,mixed,wasserstein,out_domain,42,0.1,0.6115862514119735,0.08702348864073932,0.8625954198473282,0.15809723679608254,0.3100137174211248,0.8709428477719827,0.5614064576550227
manual_20260505_213008,mixed,wasserstein,out_domain,42,0.5,0.5983540422785218,0.05299076676033721,0.5038167938931297,0.09589538685070832,0.18649335970613168,0.5692733621870519,0.06032653047345281
manual_20260505_213009,mixed,wasserstein,out_domain,123,0.1,0.6131999354526384,0.09021113243761997,0.8969465648854962,0.16393442622950818,0.3216534355324391,0.8879984822858319,0.6127400113551906
manual_20260506_074614,mixed,wasserstein,out_domain,123,0.5,0.6698402452799742,0.0981981981981982,0.8320610687022901,0.17566478646253023,0.3335373317013464,0.84036347968128,0.44573288946061607
manual_20260505_220015,mixed,wasserstein,out_domain,256,0.1,0.6149749878973697,0.0890092879256966,0.8778625954198473,0.16163035839775122,0.3166299559471366,0.8744528833353697,0.5552816998782881
manual_20260505_220017,mixed,wasserstein,out_domain,256,0.5,0.5975472002581894,0.052884615384615384,0.5038167938931297,0.09572153734590283,0.18623024830699775,0.5800041158350322,0.0685082701782295
manual_20260506_040632,mixed,wasserstein,out_domain,512,0.1,0.650798773600129,0.10008410428931876,0.9083969465648855,0.1803030303030303,0.347343841214244,0.9253226750355312,0.7830977865969221
manual_20260506_123342,mixed,wasserstein,out_domain,512,0.5,0.6035178312086493,0.05440519691433211,0.5114503816793893,0.09834862385321101,0.19082882369695242,0.5918390708502415,0.06756909399494891
manual_20260506_054421,mixed,wasserstein,out_domain,999,0.1,0.5938357269646604,0.0828708842027377,0.8549618320610687,0.15109612141652615,0.29858704345507864,0.8483121860871913,0.4916967948537793
manual_20260505_230029,mixed,wasserstein,out_domain,999,0.5,0.6651605615620462,0.09549308344489067,0.816793893129771,0.17099480623252097,0.3253268470659775,0.8266815436953767,0.41012106755552724
manual_20260506_094936,mixed,wasserstein,out_domain,1337,0.1,0.6520897208326609,0.10210084033613445,0.9274809160305344,0.18395155185465556,0.35443407234539087,0.9274140337112612,0.7857199042204472
manual_20260505_233035,mixed,wasserstein,out_domain,1337,0.5,0.5941584637727932,0.05527043031977892,0.5343511450381679,0.1001788908765653,0.19547612398771294,0.5940365408978951,0.07906286191791095
manual_20260506_111757,mixed,wasserstein,out_domain,2024,0.1,0.6588671938034533,0.10325621251071122,0.9198473282442748,0.1856702619414484,0.3562980484920166,0.9262802497797386,0.7569257905967322
manual_20260506_061858,mixed,wasserstein,out_domain,2024,0.5,0.6603195094400517,0.08916629514043692,0.7633587786259542,0.1596806387225549,0.30385900941962934,0.7956076323015878,0.3059276370496463
manual_20260505_100728,source_only,dtw,in_domain,0,0.1,0.4492822966507177,0.049428571428571426,0.5785953177257525,0.09107659910502763,0.18419931856899485,0.5228140023491469,0.06356542665276885
manual_20260505_035152,source_only,dtw,in_domain,0,0.5,0.5395534290271132,0.05162855162855163,0.4983277591973244,0.09356357927786499,0.18250857422831945,0.5064467109423529,0.05029265157647636
manual_20260505_184759,source_only,dtw,in_domain,1,0.1,0.4472089314194577,0.04666475808760378,0.5451505016722408,0.0859704641350211,0.17381104713158455,0.5166263473006936,0.060046002642794166
manual_20260505_103837,source_only,dtw,in_domain,1,0.5,0.5393939393939394,0.04879749041477867,0.4682274247491639,0.08838383838383838,0.17220172201722014,0.5002260087636509,0.0473362114919057
manual_20260505_042201,source_only,dtw,in_domain,3,0.1,0.4564593301435407,0.04928964917367353,0.568561872909699,0.09071504802561366,0.1829924650161464,0.5147051327794485,0.06172567760227054
manual_20260505_042201,source_only,dtw,in_domain,3,0.5,0.539712918660287,0.049146043917741376,0.47157190635451507,0.08901515151515152,0.17343173431734318,0.5057997713586684,0.04835835267593348
manual_20260505_205900,source_only,dtw,in_domain,7,0.1,0.5470494417862839,0.04770380918476326,0.44816053511705684,0.08622908622908623,0.16729088639200998,0.5050492094174239,0.04728945201974284
manual_20260505_045209,source_only,dtw,in_domain,7,0.5,0.5681020733652312,0.04870738104158861,0.43478260869565216,0.0876010781671159,0.16817593790426907,0.5080200904147079,0.04983085588776305
manual_20260505_045209,source_only,dtw,in_domain,13,0.1,0.4185007974481659,0.049043384532471035,0.6086956521739131,0.09077306733167083,0.18544935805991444,0.5004198105783304,0.04791872980400751
manual_20260505_192940,source_only,dtw,in_domain,13,0.5,0.5291866028708134,0.04834865509022812,0.47491638795986624,0.08776266996291718,0.17178804742317927,0.5056759846504482,0.05384093452314713
manual_20260505_052216,source_only,dtw,in_domain,42,0.1,0.40637958532695373,0.04805914972273567,0.6086956521739131,0.08908467939304944,0.1826209110977323,0.5057431991526491,0.05192766267124694
manual_20260505_052216,source_only,dtw,in_domain,42,0.5,0.5524720893141946,0.0459978268743209,0.42474916387959866,0.08300653594771241,0.16047510740459944,0.5035116776795762,0.048884830955644505
manual_20260505_052217,source_only,dtw,in_domain,123,0.1,0.4682615629984051,0.051433638782146025,0.5819397993311036,0.09451385116784357,0.18999781611705613,0.5255613951266125,0.057920527458283105
manual_20260505_120729,source_only,dtw,in_domain,123,0.5,0.562200956937799,0.04602821083890126,0.41471571906354515,0.0828600066822586,0.15938303341902313,0.5029689205743031,0.04844388631729426
manual_20260505_213439,source_only,dtw,in_domain,256,0.1,0.46395534290271134,0.04917550058892815,0.5585284280936454,0.09039242219215156,0.18183797909407667,0.5251329026750812,0.0775231173456566
manual_20260505_055222,source_only,dtw,in_domain,256,0.5,0.5333333333333333,0.04722509479489831,0.45819397993311034,0.085625,0.16719550890895776,0.50287762087548,0.047389380585121536
manual_20260505_055224,source_only,dtw,in_domain,512,0.1,0.4800637958532695,0.05040996052232007,0.5551839464882943,0.09242761692650334,0.1848964134551125,0.5165277660307988,0.05487016033273766
manual_20260505_062230,source_only,dtw,in_domain,512,0.5,0.5384370015948964,0.04775182990589055,0.45819397993311034,0.08648989898989899,0.16851168511685116,0.5056457381244577,0.0510811214539694
manual_20260505_062230,source_only,dtw,in_domain,999,0.1,0.47416267942583734,0.04984984984984985,0.5551839464882943,0.09148525764673464,0.18338488731771982,0.5189861364488002,0.05337094410233059
manual_20260505_062230,source_only,dtw,in_domain,999,0.5,0.523444976076555,0.04684866868891136,0.46488294314381273,0.08511941212492345,0.16694691328368966,0.5022810921684463,0.04963638905777713
manual_20260505_062230,source_only,dtw,in_domain,1337,0.1,0.4483253588516746,0.04908675799086758,0.5752508361204013,0.09045490402313963,0.1829787234042553,0.5180748198231251,0.05730256505272309
manual_20260505_125611,source_only,dtw,in_domain,1337,0.5,0.5650717703349283,0.048698884758364314,0.43812709030100333,0.08765473402475744,0.1685537828100875,0.5018223531909245,0.049471360501211696
manual_20260505_065237,source_only,dtw,in_domain,2024,0.1,0.4602870813397129,0.048580626280362894,0.5551839464882943,0.08934337997847147,0.17992629525254714,0.5161782506193535,0.061477307624489025
manual_20260505_065237,source_only,dtw,in_domain,2024,0.5,0.5532695374800638,0.04509090909090909,0.41471571906354515,0.08133814365365694,0.15712113532691335,0.5013966613436516,0.0506227410389362
manual_20260504_175024,source_only,dtw,out_domain,0,0.1,0.4610758979359662,0.04235013420817179,0.5748987854251012,0.07888888888888888,0.16355678415111727,0.5163005850085893,0.0427156110408676
manual_20260504_175024,source_only,dtw,out_domain,0,0.5,0.5353486104339347,0.041110330288123685,0.47368421052631576,0.07565470417070805,0.15258215962441316,0.5190864707680791,0.042539687864951714
manual_20260506_154805,source_only,dtw,out_domain,1,0.1,0.5195839427921339,0.037239494362828834,0.44129554655870445,0.06868304977945809,0.13920817369093233,0.5317991310559084,0.04670703108650433
manual_20260506_154803,source_only,dtw,out_domain,1,0.5,0.5514383227693808,0.042591918456498,0.47368421052631576,0.0781563126252505,0.1566265060240964,0.5203148928352557,0.043119867804393
manual_20260505_015957,source_only,dtw,out_domain,3,0.1,0.44807411019015114,0.0410958904109589,0.5708502024291497,0.0766721044045677,0.15953835709436523,0.5127935496873419,0.04263579351726482
manual_20260504_182031,source_only,dtw,out_domain,3,0.5,0.5473752640988135,0.04581245526127416,0.5182186234817814,0.0841828345938836,0.16922263352723427,0.52278750354748,0.04348391153687915
manual_20260505_021200,source_only,dtw,out_domain,7,0.1,0.4885421745490005,0.03436095054592164,0.4331983805668016,0.06367152633144897,0.13042418332520722,0.5427932343557844,0.04953802861000558
manual_20260504_185038,source_only,dtw,out_domain,7,0.5,0.5699658703071673,0.04339550818424058,0.46153846153846156,0.07933194154488518,0.1576763485477179,0.5278636561185974,0.04349492712314777
manual_20260504_185039,source_only,dtw,out_domain,13,0.1,0.4588005850804486,0.04217404217404217,0.5748987854251012,0.07858328721638075,0.16303099885189437,0.5115939187623647,0.041656385261820035
manual_20260504_192017,source_only,dtw,out_domain,13,0.5,0.6117341134405981,0.03836206896551724,0.3603238866396761,0.06934164394234515,0.1345223700120919,0.5004380366634631,0.040431421327167934
manual_20260503_201757,source_only,dtw,out_domain,42,0.1,0.447098976109215,0.04235567159849144,0.5910931174089069,0.07904710341093665,0.1645997745208568,0.5194066008492016,0.042552496625676645
manual_20260503_203759,source_only,dtw,out_domain,42,0.5,0.5421745490004876,0.04139900071377588,0.46963562753036436,0.07609052148245327,0.15303430079155672,0.5208379319185457,0.043078702070451357
manual_20260503_222616,source_only,dtw,out_domain,123,0.1,0.5132455712660491,0.03423728813559322,0.4089068825910931,0.06318423522051923,0.1282376841036059,0.5481922590215673,0.049840498674113776
manual_20260503_231525,source_only,dtw,out_domain,123,0.5,0.5031691857630424,0.04174820613176777,0.5182186234817814,0.07727135526712949,0.15786877158362111,0.5197363279777238,0.04452605684609376
manual_20260504_192047,source_only,dtw,out_domain,256,0.1,0.4500243783520234,0.04177621969033012,0.5789473684210527,0.0779291553133515,0.16209476309226933,0.5069962475544667,0.04183022001365366
manual_20260504_192046,source_only,dtw,out_domain,256,0.5,0.5574516496018203,0.043510324483775814,0.4777327935222672,0.07975667455221358,0.1594594594594595,0.5244738418763051,0.043054478632678306
manual_20260505_091645,source_only,dtw,out_domain,512,0.1,0.45766292865268976,0.04154302670623145,0.5668016194331984,0.07741222007188278,0.16062413951353832,0.507068910913351,0.0418580500810172
manual_20260505_130514,source_only,dtw,out_domain,512,0.5,0.5542012026653664,0.04285714285714286,0.47368421052631576,0.07860262008733625,0.15734265734265737,0.5220567569383225,0.04404777481020451
manual_20260504_195025,source_only,dtw,out_domain,999,0.1,0.4896798309767593,0.03682356708293308,0.46558704453441296,0.06824925816023739,0.13986864509851618,0.5182028569039102,0.04441709261141943
manual_20260504_195025,source_only,dtw,out_domain,999,0.5,0.5272224930928002,0.042925824175824176,0.5060728744939271,0.07913896802785692,0.16025641025641027,0.5231967490687437,0.04337053985619559
manual_20260505_033350,source_only,dtw,out_domain,1337,0.1,0.45603770518446285,0.04087677725118483,0.5587044534412956,0.07617996135799061,0.15811182401466545,0.518839004045841,0.04431220064245881
manual_20260504_202033,source_only,dtw,out_domain,1337,0.5,0.5566390378677069,0.04610318331503842,0.5101214574898786,0.08456375838926175,0.16930932545014785,0.5286183953462547,0.045021285940395894
manual_20260504_202033,source_only,dtw,out_domain,2024,0.1,0.4477490654965058,0.0437300897770055,0.611336032388664,0.08162162162162162,0.1700067552353073,0.5254335466162867,0.04419785177262865
manual_20260505_034822,source_only,dtw,out_domain,2024,0.5,0.57012839265399,0.0430640243902439,0.4574898785425101,0.07871821664925113,0.15642303433001106,0.5183714907367927,0.042646626010682295
manual_20260504_190744,source_only,mmd,in_domain,0,0.1,0.47928709055876684,0.05091463414634146,0.5622895622895623,0.09337433603578418,0.1868845120859445,0.5379036245669191,0.05316523979435253
manual_20260504_201029,source_only,mmd,in_domain,0,0.5,0.5447976878612717,0.048398576512455514,0.45791245791245794,0.08754425490827164,0.1700850425212606,0.5121529463124472,0.049620582916105285
manual_20260506_211010,source_only,mmd,in_domain,1,0.1,0.4863519588953115,0.0510519801980198,0.5555555555555556,0.09351090960612071,0.18665158371040724,0.5355510934671278,0.0523749248629191
manual_20260506_223835,source_only,mmd,in_domain,1,0.5,0.5438342967244701,0.05053003533568905,0.48148148148148145,0.09146146466261593,0.17794922847187655,0.5303487298091918,0.05305734007314114
manual_20260504_100218,source_only,mmd,in_domain,3,0.1,0.4985549132947977,0.057053291536050155,0.6127946127946128,0.10438772583882994,0.2078574691640018,0.582689140605175,0.07255623501172179
manual_20260504_100219,source_only,mmd,in_domain,3,0.5,0.49470134874759153,0.05690298507462686,0.6161616161616161,0.10418445772843724,0.20776566757493187,0.5799704457603632,0.0798962456124131
manual_20260504_100220,source_only,mmd,in_domain,7,0.1,0.481053307642903,0.048600430636727164,0.531986531986532,0.08906426155580609,0.17796801081324626,0.5363793615353217,0.05652543362679002
manual_20260504_100218,source_only,mmd,in_domain,7,0.5,0.5197495183044316,0.04183673469387755,0.41414141414141414,0.07599629286376275,0.1489825581395349,0.5341749990207248,0.06484066683614659
manual_20260504_100301,source_only,mmd,in_domain,13,0.1,0.47800256904303146,0.05215281989084294,0.5791245791245792,0.0956884561891516,0.19170753455193937,0.5617587667832146,0.08536217350794309
manual_20260504_100221,source_only,mmd,in_domain,13,0.5,0.5008028259473346,0.053367217280813214,0.5656565656565656,0.09753265602322206,0.1937269372693727,0.5445916479469,0.06681098155461034
manual_20260503_173838,source_only,mmd,in_domain,42,0.1,0.4197174052665382,0.04846174789000817,0.5993265993265994,0.08967254408060453,0.18308989919769597,0.528559352872285,0.05393353115781266
manual_20260503_180825,source_only,mmd,in_domain,42,0.5,0.5685613359023763,0.054436987322893364,0.49158249158249157,0.09801946962067808,0.18863049095607232,0.5328499971899062,0.06108253960413149
manual_20260503_183344,source_only,mmd,in_domain,123,0.1,0.4686897880539499,0.04937163375224417,0.5555555555555556,0.09068425391591096,0.18211920529801326,0.5423958008682338,0.06229206612185904
manual_20260503_140915,source_only,mmd,in_domain,123,0.5,0.5101156069364162,0.05292207792207792,0.5488215488215489,0.09653538643766657,0.19095595126522957,0.5510525930353952,0.07041473839506246
manual_20260504_100221,source_only,mmd,in_domain,256,0.1,0.4849068721901092,0.050910212897253934,0.5555555555555556,0.09327303561334087,0.18627229622939714,0.5415942144992895,0.05621646736689033
manual_20260504_100248,source_only,mmd,in_domain,256,0.5,0.5260115606936416,0.05527638190954774,0.5555555555555556,0.10054844606946983,0.19769949676491735,0.5618251871834741,0.06859325136028366
manual_20260504_100304,source_only,mmd,in_domain,512,0.1,0.5052986512524085,0.058935361216730035,0.6262626262626263,0.10773240660295395,0.21408839779005523,0.6021713226231857,0.1281121293399336
manual_20260504_100304,source_only,mmd,in_domain,512,0.5,0.5377328195247271,0.04606188466947961,0.44107744107744107,0.08341292581980261,0.16245039682539683,0.5074189316307003,0.04916650937130269
manual_20260504_100304,source_only,mmd,in_domain,999,0.1,0.5117212588310854,0.05569948186528497,0.5791245791245792,0.10162481536189069,0.2011225444340505,0.5916280775495073,0.17070195160504603
manual_20260504_100249,source_only,mmd,in_domain,999,0.5,0.5703275529865125,0.05130139569973595,0.45791245791245794,0.09226594301221167,0.17712946079708258,0.5129698604660669,0.05037500424445976
manual_20260504_101852,source_only,mmd,in_domain,1337,0.1,0.4863519588953115,0.05436117936117936,0.5959595959595959,0.09963411201801295,0.1991449144914491,0.5824319744400674,0.08189128822282489
manual_20260504_101853,source_only,mmd,in_domain,1337,0.5,0.5123635195889531,0.05081967213114754,0.5218855218855218,0.09262025694651928,0.1828692779613025,0.5406052885398696,0.05581349074629223
manual_20260504_211948,source_only,mmd,in_domain,2024,0.1,0.476878612716763,0.05040996052232007,0.5589225589225589,0.09247910863509749,0.18522651193929926,0.5354767253266663,0.05237858390932103
manual_20260504_104900,source_only,mmd,in_domain,2024,0.5,0.5489723827874117,0.05429382540809084,0.5151515151515151,0.09823434991974318,0.190963554667998,0.5366898910989283,0.05310681496237017
manual_20260503_191450,source_only,mmd,out_domain,0,0.1,0.45052461662631155,0.036165833578359306,0.4939759036144578,0.06739726027397261,0.13986809188082786,0.5496375005572238,0.0459921502173254
manual_20260503_200455,source_only,mmd,out_domain,0,0.5,0.5775625504439064,0.03127474267616785,0.3172690763052209,0.05693693693693694,0.11215218625780807,0.581427627766363,0.06019868984985758
manual_20260507_031130,source_only,mmd,out_domain,1,0.1,0.44164648910411625,0.037197231833910036,0.5180722891566265,0.06941081517352704,0.14448924731182797,0.5351233389663599,0.044076662242391526
manual_20260507_035931,source_only,mmd,out_domain,1,0.5,0.6071025020177563,0.04,0.3815261044176707,0.07240853658536585,0.14090774250964105,0.5005504696215065,0.0405445044684475
manual_20260503_201727,source_only,mmd,out_domain,3,0.1,0.4287328490718321,0.042801556420233464,0.6184738955823293,0.08006238627501949,0.1676099259904223,0.5285805178331895,0.04501957167613623
manual_20260503_205401,source_only,mmd,out_domain,3,0.5,0.6422921711057304,0.036740461610927935,0.3132530120481928,0.0657672849915683,0.12504007694773966,0.5127080808940437,0.04660233858378113
manual_20260504_024120,source_only,mmd,out_domain,7,0.1,0.576594027441485,0.045906656465187455,0.4819277108433735,0.08382815228780999,0.16620498614958448,0.5448933304695405,0.16871788220724543
manual_20260503_210634,source_only,mmd,out_domain,7,0.5,0.5110573042776433,0.035738142952571814,0.42971887550200805,0.06598828245451742,0.13408521303258147,0.528293463122588,0.04357039172424449
manual_20260503_212005,source_only,mmd,out_domain,13,0.1,0.5623890234059725,0.04542097488921713,0.4939759036144578,0.08319242475481907,0.16603671706263498,0.5604348102129338,0.21999824746239321
manual_20260503_173108,source_only,mmd,out_domain,13,0.5,0.6245359160613397,0.03700401248328132,0.3333333333333333,0.0666131621187801,0.12812596480395186,0.5156866956558153,0.04737297460913946
manual_20260503_135345,source_only,mmd,out_domain,42,0.1,0.553995157384988,0.04849137931034483,0.5421686746987951,0.08902077151335312,0.17857142857142855,0.6126186549089058,0.189622882802141
manual_20260503_135345,source_only,mmd,out_domain,42,0.5,0.5799838579499597,0.038084020416175896,0.3895582329317269,0.06938483547925609,0.13688964154671182,0.5049170783368928,0.04027612149956251
manual_20260503_141146,source_only,mmd,out_domain,123,0.1,0.5596448748991122,0.049108766824299745,0.5421686746987951,0.09006004002668445,0.1802403204272363,0.5787164804525873,0.17731842068295622
manual_20260503_151553,source_only,mmd,out_domain,123,0.5,0.5646489104116222,0.03566009104704097,0.37751004016064255,0.06516464471403813,0.12940528634361234,0.5319907277951361,0.04935653978653147
manual_20260503_212906,source_only,mmd,out_domain,256,0.1,0.49217110573042777,0.04720225070334479,0.606425702811245,0.08758700696055685,0.1799761620977354,0.5657834837500016,0.055798985591155585
manual_20260504_045225,source_only,mmd,out_domain,256,0.5,0.6338983050847458,0.03586206896551724,0.3132530120481928,0.06435643564356436,0.12298959318826869,0.5218931562104456,0.045037204351560375
manual_20260504_100619,source_only,mmd,out_domain,512,0.1,0.5833736884584342,0.04980694980694981,0.5180722891566265,0.0908770693906305,0.17986614612381485,0.6014836338289586,0.19713980751796348
manual_20260504_124655,source_only,mmd,out_domain,512,0.5,0.6132364810330913,0.03588413316039775,0.3333333333333333,0.06479313036690086,0.12541553339377454,0.5011914459047087,0.04049797243413614
manual_20260503_183544,source_only,mmd,out_domain,999,0.1,0.41436642453591604,0.04497710746027471,0.6706827309236948,0.08430085815244825,0.17732002548311745,0.5367045038546382,0.04644407466873429
manual_20260503_201656,source_only,mmd,out_domain,999,0.5,0.5709443099273608,0.03619561031959954,0.37751004016064255,0.06605762473647224,0.13080990815474533,0.5339177091818332,0.04427723340957449
manual_20260503_220242,source_only,mmd,out_domain,1337,0.1,0.49620661824051654,0.045857052498418725,0.5823293172690763,0.08501905599530929,0.17436267436267436,0.562688020835444,0.06360925092242758
manual_20260504_011423,source_only,mmd,out_domain,1337,0.5,0.610815173527038,0.04349662162162162,0.41365461847389556,0.07871608712265954,0.15309155766944116,0.5281495980558629,0.055994848843809536
manual_20260503_223047,source_only,mmd,out_domain,2024,0.1,0.47231638418079097,0.030180460485376478,0.3895582329317269,0.05602079122148426,0.11520190023752969,0.6480013562490797,0.28485636487888893
manual_20260504_143414,source_only,mmd,out_domain,2024,0.5,0.5376916868442292,0.03912583715192104,0.4457831325301205,0.07193778353856124,0.1447951995825724,0.5103096543591115,0.0426492068906971
manual_20260506_070737,source_only,wasserstein,in_domain,0,0.1,0.4060391904914873,0.0448,0.5915492957746479,0.08329201784828955,0.17191977077363899,0.5043827420937609,0.04863018718133065
manual_20260506_163238,source_only,wasserstein,in_domain,0,0.5,0.5150979762287182,0.04064494457507558,0.426056338028169,0.07421036491873659,0.14709457816678825,0.5225975509739691,0.04950701081498367
manual_20260506_000044,source_only,wasserstein,in_domain,1,0.1,0.39640218438805014,0.04552590266875981,0.6126760563380281,0.08475401850949829,0.1754739814441307,0.5014459019346642,0.04694783529552016
manual_20260506_000044,source_only,wasserstein,in_domain,1,0.5,0.6103437198843559,0.04924242424242424,0.4119718309859155,0.08796992481203007,0.16657175398633256,0.5330773770864838,0.07452701134868586
manual_20260506_075114,source_only,wasserstein,in_domain,3,0.1,0.42322518470928366,0.047606019151846785,0.6126760563380281,0.08834729626808835,0.1815904821540388,0.5073847663564693,0.0475346559753394
manual_20260506_163910,source_only,wasserstein,in_domain,3,0.5,0.6236749116607774,0.0458756065284517,0.36619718309859156,0.08153665229321834,0.15280634734058185,0.5030873561801641,0.04599338737255999
manual_20260506_003049,source_only,wasserstein,in_domain,7,0.1,0.39045936395759717,0.04438100181676616,0.602112676056338,0.0826686004350979,0.1713770294648226,0.5053267264306134,0.048410645107484634
manual_20260506_003048,source_only,wasserstein,in_domain,7,0.5,0.511403790555734,0.0502283105022831,0.5422535211267606,0.09194029850746269,0.18324607329842932,0.5594644948113454,0.11801034047917759
manual_20260506_133320,source_only,wasserstein,in_domain,13,0.1,0.39592033408287824,0.04667535853976532,0.6302816901408451,0.08691429958727846,0.18004425668879503,0.5037172716541591,0.04890576914669977
manual_20260506_083252,source_only,wasserstein,in_domain,13,0.5,0.5366206231930614,0.05108733172247152,0.5211267605633803,0.09305249921408362,0.1834862385321101,0.5493899953067445,0.10605393844244124
manual_20260506_010054,source_only,wasserstein,in_domain,42,0.1,0.5353356890459364,0.05001724732666437,0.5105633802816901,0.09110901665095822,0.17967781908302355,0.5166148354279159,0.04797494025891267
manual_20260506_144055,source_only,wasserstein,in_domain,42,0.5,0.4534211371667202,0.047051989544002325,0.5704225352112676,0.08693319023343171,0.17689451845381085,0.5162865445788158,0.05383452443664699
manual_20260506_013103,source_only,wasserstein,in_domain,123,0.1,0.36203019595245745,0.04558896007885658,0.6514084507042254,0.0852141870105942,0.17809010396611477,0.5016224915971764,0.04829699992613171
manual_20260506_013103,source_only,wasserstein,in_domain,123,0.5,0.49951814969482816,0.05047619047619047,0.5598591549295775,0.09260337798485731,0.1854876341577228,0.5595889371909681,0.13071961657927678
manual_20260506_095709,source_only,wasserstein,in_domain,256,0.1,0.37327336973980085,0.04479114242576749,0.6267605633802817,0.08360732738374824,0.17416829745596868,0.5023235170023845,0.04782286149304914
manual_20260506_020106,source_only,wasserstein,in_domain,256,0.5,0.5615162222936074,0.05299707602339181,0.5105633802816901,0.09602649006622517,0.18724173553719006,0.5469746279765433,0.08861363969570102
manual_20260506_020110,source_only,wasserstein,in_domain,512,0.1,0.4884355926758754,0.04855275443510738,0.5492957746478874,0.08921933085501858,0.17935157507472982,0.5443725970769078,0.08228486896702153
manual_20260506_020110,source_only,wasserstein,in_domain,512,0.5,0.647928043687761,0.045714285714285714,0.3380281690140845,0.08053691275167785,0.14833127317676145,0.5211557971186256,0.07457794411349788
manual_20260506_165444,source_only,wasserstein,in_domain,999,0.1,0.41310632830067456,0.04557713052858684,0.5950704225352113,0.08466933867735471,0.17444260941370768,0.5070345499452453,0.04831735029450163
manual_20260506_023114,source_only,wasserstein,in_domain,999,0.5,0.6776421458400257,0.050130548302872065,0.3380281690140845,0.08731241473396999,0.15732546705998035,0.5296972850228263,0.10106300893315795
manual_20260506_023115,source_only,wasserstein,in_domain,1337,0.1,0.42788307099261164,0.04648588821250692,0.5915492957746479,0.086198050282196,0.1768421052631579,0.5054322061619125,0.04773602319489781
manual_20260506_150628,source_only,wasserstein,in_domain,1337,0.5,0.46273690973337617,0.04865821291654379,0.5809859154929577,0.08979591836734693,0.18223989396951623,0.5551884176144041,0.11954299545329221
manual_20260506_110755,source_only,wasserstein,in_domain,2024,0.1,0.4078059749437841,0.046387629965342576,0.6126760563380281,0.0862453531598513,0.1780233271945979,0.5011507957201303,0.04778486582272355
manual_20260506_030120,source_only,wasserstein,in_domain,2024,0.5,0.6127529714102152,0.05107640354579992,0.426056338028169,0.09121748963437618,0.17261055634807418,0.5268635542639885,0.06013366240795706
manual_20260505_132418,source_only,wasserstein,out_domain,0,0.1,0.6223979344844279,0.05787234042553192,0.5190839694656488,0.10413476263399694,0.20011771630370806,0.5921046708296623,0.09967941610798055
manual_20260505_201651,source_only,wasserstein,out_domain,0,0.5,0.6649991931579796,0.040991902834008095,0.30916030534351147,0.07238605898123325,0.13392857142857142,0.5047653652482041,0.04542495328653
manual_20260505_135425,source_only,wasserstein,out_domain,1,0.1,0.6261094077779571,0.06443408223823655,0.5801526717557252,0.11598626478443343,0.223070149691811,0.6719274326835889,0.3382269886609926
manual_20260505_204427,source_only,wasserstein,out_domain,1,0.5,0.6470873003066,0.04918032786885246,0.40076335877862596,0.08760951188986232,0.1649387370405278,0.549283265915098,0.04758777007748205
manual_20260505_142432,source_only,wasserstein,out_domain,3,0.1,0.6054542520574472,0.06182256122039342,0.5877862595419847,0.11187795132582637,0.21757558632382026,0.6325620429976141,0.16356043699558392
manual_20260505_142433,source_only,wasserstein,out_domain,3,0.5,0.6075520413103115,0.04335016835016835,0.3931297709923664,0.07808946171341925,0.15040887850467288,0.5181907046438196,0.06250237410793913
manual_20260506_024948,source_only,wasserstein,out_domain,7,0.1,0.5055672099402937,0.05067350865939705,0.6030534351145038,0.09349112426035502,0.18963034085453673,0.5660064181302533,0.05749156171360814
manual_20260505_221819,source_only,wasserstein,out_domain,7,0.5,0.5630143617879619,0.038490566037735846,0.3893129770992366,0.07005494505494506,0.13791238507301243,0.5216402888801713,0.04351950865056051
manual_20260506_165444,source_only,wasserstein,out_domain,13,0.1,0.5927061481361949,0.06026438569206843,0.5916030534351145,0.10938602681721948,0.21408839779005523,0.6295838504922924,0.15302226424623216
manual_20260505_145441,source_only,wasserstein,out_domain,13,0.5,0.5889946748426658,0.0391286809197257,0.3702290076335878,0.070777088653776,0.13751063226538138,0.5061975472195606,0.04484104736635598
manual_20260505_145441,source_only,wasserstein,out_domain,42,0.1,0.5131515249314185,0.05203252032520325,0.6106870229007634,0.0958945160323644,0.19403347077370844,0.5700663035299717,0.0675655320748561
manual_20260505_232734,source_only,wasserstein,out_domain,42,0.5,0.5404227852186542,0.03655913978494624,0.3893129770992366,0.06684141546526867,0.13288170922355394,0.555491102722239,0.077169305573304
manual_20260505_152446,source_only,wasserstein,out_domain,123,0.1,0.5733419396482169,0.05259203606311044,0.5343511450381679,0.09575923392612859,0.1886792452830189,0.579355228718239,0.08070321891082824
manual_20260506_030921,source_only,wasserstein,out_domain,123,0.5,0.6304663546877521,0.043243243243243246,0.366412213740458,0.07735697018533441,0.14687882496940025,0.5276005324861573,0.046604412359995344
manual_20260506_094505,source_only,wasserstein,out_domain,256,0.1,0.5956107794093917,0.051916932907348244,0.4961832061068702,0.09399855386840203,0.18299549549549549,0.5486440252866615,0.06258982468587881
manual_20260505_155522,source_only,wasserstein,out_domain,256,0.5,0.5846377279328707,0.04452324665090623,0.4312977099236641,0.08071428571428571,0.15755716675962075,0.511008572512653,0.06473107864413534
manual_20260505_155524,source_only,wasserstein,out_domain,512,0.1,0.636436985638212,0.06280193236714976,0.5458015267175572,0.11264277274517527,0.21503759398496242,0.6379351370122897,0.13815832398362501
manual_20260505_233536,source_only,wasserstein,out_domain,512,0.5,0.5914152009036631,0.0427074939564867,0.40458015267175573,0.07725947521865889,0.15014164305949007,0.52716193881554,0.05085115586352542
manual_20260506_000312,source_only,wasserstein,out_domain,999,0.1,0.5946425689849928,0.0622568093385214,0.6106870229007634,0.11299435028248588,0.2211166390270868,0.6361653279484492,0.18272773054402514
manual_20260505_162528,source_only,wasserstein,out_domain,999,0.5,0.6162659351299016,0.03879686137750654,0.33969465648854963,0.06964006259780908,0.13315380011968883,0.5191630706701736,0.04418681629162603
manual_20260505_162531,source_only,wasserstein,out_domain,1337,0.1,0.6177182507664999,0.06340654786572732,0.583969465648855,0.11439252336448598,0.22103438312626408,0.659997942082484,0.2994273894835591
manual_20260505_162529,source_only,wasserstein,out_domain,1337,0.5,0.6001290947232532,0.04252683732452518,0.3931297709923664,0.07675111773472429,0.14841498559077806,0.504861830131771,0.04404851370589542
manual_20260505_162528,source_only,wasserstein,out_domain,2024,0.1,0.462320477650476,0.04826368452030606,0.6259541984732825,0.08961748633879782,0.18443544759334232,0.5600892621722605,0.05944937559114896
manual_20260506_032254,source_only,wasserstein,out_domain,2024,0.5,0.5965789898337905,0.047696038803556995,0.45038167938931295,0.08625730994152046,0.1675184554230551,0.5422509759030721,0.06960412663213149
manual_20260505_065236,target_only,dtw,in_domain,0,0.1,0.5044657097288676,0.05229591836734694,0.5484949832775919,0.09548762736535663,0.1892890120036934,0.5489122733120898,0.05597428453261215
manual_20260505_134823,target_only,dtw,in_domain,0,0.5,0.5958532695374801,0.057074910820451845,0.4816053511705686,0.10205527994330262,0.19360043022317824,0.5615956498774175,0.06740079295169579
manual_20260505_072244,target_only,dtw,in_domain,1,0.1,0.5328548644338118,0.06020066889632107,0.6020066889632107,0.10945576162967467,0.21500238891543239,0.6017747989306172,0.06751356625075348
manual_20260505_072244,target_only,dtw,in_domain,1,0.5,0.572408293460925,0.05592841163310962,0.5016722408026756,0.10063737001006373,0.19339865910263024,0.5530123579463505,0.06256040051782097
manual_20260505_135525,target_only,dtw,in_domain,3,0.1,0.512280701754386,0.05912432086928731,0.6187290969899666,0.10793465577596266,0.21387283236994217,0.5855593002746272,0.06483096821745618
manual_20260505_075254,target_only,dtw,in_domain,3,0.5,0.573524720893142,0.05137891953154514,0.45484949832775917,0.0923285811269518,0.17694509497788183,0.539168971097204,0.05767462089653126
manual_20260505_075254,target_only,dtw,in_domain,7,0.1,0.518341307814992,0.05231984205330701,0.5317725752508361,0.09526662672258837,0.18772136953955137,0.5351971541379767,0.06027753682010163
manual_20260505_075255,target_only,dtw,in_domain,7,0.5,0.533652312599681,0.045060658578856154,0.43478260869565216,0.08165829145728644,0.1592746875765744,0.5263259600891488,0.07027349199473401
manual_20260505_075254,target_only,dtw,in_domain,13,0.1,0.5143540669856459,0.05738233397807866,0.5953177257525084,0.10467509556012937,0.2070730572359237,0.5747153605862001,0.061571271444698636
manual_20260505_075254,target_only,dtw,in_domain,13,0.5,0.5746411483253588,0.0545522949586155,0.48494983277591974,0.09807237064592493,0.18811624286455633,0.5378308423825525,0.058381242566811174
manual_20260505_082302,target_only,dtw,in_domain,42,0.1,0.5052631578947369,0.057467634985790966,0.6086956521739131,0.10502019619157531,0.20857208342883338,0.5651966668328359,0.05795485595192408
manual_20260505_082302,target_only,dtw,in_domain,42,0.5,0.5858054226475279,0.05187207488299532,0.44481605351170567,0.09290953545232274,0.1768617021276596,0.5304176429106343,0.056995119797927506
manual_20260505_082306,target_only,dtw,in_domain,123,0.1,0.5036682615629984,0.05504587155963303,0.5819397993311036,0.10057803468208093,0.19967867798944228,0.5474985282824623,0.05549513248319686
manual_20260505_231702,target_only,dtw,in_domain,123,0.5,0.5778309409888357,0.053951367781155016,0.47491638795986624,0.09689525759126578,0.18547544409613373,0.5428993759693592,0.05937351678753446
manual_20260505_235140,target_only,dtw,in_domain,256,0.1,0.5108452950558213,0.05412371134020619,0.5618729096989966,0.0987364090508375,0.19534883720930235,0.5502537627518513,0.05764934027282842
manual_20260505_085313,target_only,dtw,in_domain,256,0.5,0.5792663476874004,0.05277246653919694,0.46153846153846156,0.09471516815374056,0.18105484124901597,0.5385438762267347,0.057507958653548436
manual_20260505_085313,target_only,dtw,in_domain,512,0.1,0.5223285486443381,0.06572164948453608,0.6822742474916388,0.11989421099030267,0.2372093023255814,0.6434360277573489,0.08853779659464477
manual_20260505_085313,target_only,dtw,in_domain,512,0.5,0.6019138755980862,0.06322067594433399,0.5317725752508361,0.11300639658848614,0.21422797089733228,0.5993685197518216,0.0858051563447484
manual_20260505_235941,target_only,dtw,in_domain,999,0.1,0.5025518341307815,0.05436156763590392,0.5752508361204013,0.09933583598036384,0.19724770642201833,0.5504313210618323,0.0552193608854542
manual_20260505_092318,target_only,dtw,in_domain,999,0.5,0.5242424242424243,0.03467406380027739,0.33444816053511706,0.06283380458686773,0.12254901960784312,0.5896207365701223,0.0686040125498777
manual_20260505_092318,target_only,dtw,in_domain,1337,0.1,0.5070175438596491,0.055130656469088594,0.5785953177257525,0.100669188245563,0.19958467928011073,0.5606871338560008,0.05836555870326814
manual_20260505_092318,target_only,dtw,in_domain,1337,0.5,0.5722488038277512,0.051561911930748966,0.45819397993311034,0.09269282814614344,0.1777835452893849,0.5449046086183554,0.06068708750415858
manual_20260505_143937,target_only,dtw,in_domain,2024,0.1,0.5095693779904307,0.05768005098789038,0.6053511705685619,0.1053244108233925,0.20881402861098292,0.577818990225331,0.061418216406107756
manual_20260505_095326,target_only,dtw,in_domain,2024,0.5,0.5893141945773525,0.05090765588003157,0.431438127090301,0.09106953759265796,0.17292225201072384,0.5149683895797358,0.052575193660454336
manual_20260504_205040,target_only,dtw,out_domain,0,0.1,0.555988948480416,0.05955334987593052,0.680161943319838,0.10951760104302477,0.2205303229194014,0.6814047609581145,0.24252146330707205
manual_20260504_205040,target_only,dtw,out_domain,0,0.5,0.6018202502844141,0.04389233954451346,0.4291497975708502,0.07963936889556725,0.15574493094328534,0.513759423957795,0.04515143274763821
manual_20260504_212344,target_only,dtw,out_domain,1,0.1,0.4991061270924752,0.052698011991164403,0.6761133603238867,0.0977751756440281,0.2008660091412076,0.6304766579242136,0.08253248134501767
manual_20260504_212049,target_only,dtw,out_domain,1,0.5,0.5776044206078336,0.05045871559633028,0.5344129554655871,0.09221096751659098,0.18312985571587126,0.5914036504426295,0.0786371135152637
manual_20260504_212049,target_only,dtw,out_domain,3,0.1,0.5073947667804323,0.04330708661417323,0.5344129554655871,0.08012139605462823,0.16352824578790884,0.5336081744907739,0.06550356614600501
manual_20260504_212048,target_only,dtw,out_domain,3,0.5,0.5832927027466277,0.07171903881700555,0.7854251012145749,0.13143631436314362,0.26265908475494176,0.7679817820620216,0.28327261070487725
manual_20260504_212049,target_only,dtw,out_domain,7,0.1,0.5457500406305867,0.0758988015978695,0.9230769230769231,0.14026453398954167,0.28557114228456915,0.8874855872913155,0.5109598873415225
manual_20260505_035524,target_only,dtw,out_domain,7,0.5,0.5538761579717211,0.052329749103942655,0.5910931174089069,0.09614751399407309,0.19322392800423505,0.6097196154051805,0.07493608281445902
manual_20260504_215056,target_only,dtw,out_domain,13,0.1,0.3791646351373314,0.04714828897338403,0.7530364372469636,0.08874045801526717,0.1885262517737685,0.6180642481193215,0.0701212771553616
manual_20260504_215056,target_only,dtw,out_domain,13,0.5,0.6240858117991224,0.06228813559322034,0.5951417004048583,0.11277330264672036,0.21953405017921146,0.6297123216491567,0.14226801287852545
manual_20260504_001807,target_only,dtw,out_domain,42,0.1,0.3833902161547213,0.04975882203604976,0.7935222672064778,0.09364548494983277,0.19890399837629388,0.6364090042240718,0.08328507897367002
manual_20260504_015235,target_only,dtw,out_domain,42,0.5,0.5803673005038192,0.050442818636888716,0.5303643724696356,0.09212376933895922,0.18270571827057186,0.5953507789374972,0.07493559782157237
manual_20260504_215057,target_only,dtw,out_domain,123,0.1,0.5189338534048432,0.07004754358161648,0.8947368421052632,0.12992357436801882,0.26671494086410813,0.8767910489709909,0.5830515529311195
manual_20260505_041026,target_only,dtw,out_domain,123,0.5,0.5949943117178612,0.04973926995587646,0.5020242914979757,0.0905109489051095,0.17810973858086757,0.5600130794045992,0.0636066378830924
manual_20260506_073013,target_only,dtw,out_domain,256,0.1,0.5319356411506582,0.06014032743067157,0.728744939271255,0.1111111111111111,0.22607385079125847,0.7005830891798774,0.2592806073095325
manual_20260504_222104,target_only,dtw,out_domain,256,0.5,0.5772793759141882,0.07137654770575383,0.7935222672064778,0.13097226862679587,0.2624531333690413,0.7398137624401727,0.17685626868650675
manual_20260504_222103,target_only,dtw,out_domain,512,0.1,0.5262473590118641,0.045020463847203276,0.5344129554655871,0.08304498269896193,0.1683673469387755,0.5503659902576259,0.050901489466533584
manual_20260505_052015,target_only,dtw,out_domain,512,0.5,0.5649276775556639,0.06451612903225806,0.728744939271255,0.11853803095159697,0.2382212811011117,0.7082998007927161,0.21645863368485224
manual_20260504_225111,target_only,dtw,out_domain,999,0.1,0.47424020802860395,0.03254067584480601,0.42105263157894735,0.06041243101945978,0.124282982791587,0.5631142967215115,0.05553782286781833
manual_20260504_225112,target_only,dtw,out_domain,999,0.5,0.5774418982610109,0.040967616074912214,0.4251012145748988,0.07473309608540925,0.14784567727400735,0.5043762536143166,0.04456405126492197
manual_20260504_225111,target_only,dtw,out_domain,1337,0.1,0.5278725824800911,0.0685064935064935,0.854251012145749,0.1268409978960024,0.25934119960668633,0.8239641015586976,0.4807357331899163
manual_20260505_053519,target_only,dtw,out_domain,1337,0.5,0.5291727612546725,0.054771505376344086,0.659919028340081,0.10114799875892026,0.20560040363269425,0.6114134942712481,0.07681817388186397
manual_20260504_232119,target_only,dtw,out_domain,2024,0.1,0.4815537136356249,0.05664356733956011,0.7611336032388664,0.10544026920919798,0.2182493615045275,0.67270983601388,0.10935501841081756
manual_20260504_232119,target_only,dtw,out_domain,2024,0.5,0.6437510157646676,0.041921808761187,0.3603238866396761,0.0751054852320675,0.1430408228865317,0.5029839962379574,0.045253830584549
manual_20260504_104900,target_only,mmd,in_domain,0,0.1,0.42469492614001286,0.057619816908992996,0.7205387205387206,0.10670655696833707,0.2182782537739698,0.6215042006645447,0.09148806918385895
manual_20260504_111907,target_only,mmd,in_domain,0,0.5,0.7538535645472062,0.04758418740849195,0.21885521885521886,0.07817197835237523,0.12725137039937354,0.508360738844637,0.06255472281279366
manual_20260507_002515,target_only,mmd,in_domain,1,0.1,0.539820166987797,0.06294658046954746,0.622895622895623,0.11433868974042027,0.22413375333171795,0.6266344669649342,0.09879167890432419
manual_20260507_064345,target_only,mmd,in_domain,1,0.5,0.6812780989081567,0.08505408062930186,0.5824915824915825,0.14843414843414843,0.2684667908131595,0.6564492789412701,0.15915978466530897
manual_20260504_111908,target_only,mmd,in_domain,3,0.1,0.5565189466923571,0.0689052116124519,0.6632996632996633,0.12484157160963244,0.2433901655547319,0.6779598377979764,0.16374472834703993
manual_20260504_111907,target_only,mmd,in_domain,3,0.5,0.6339113680154143,0.027632205812291567,0.19528619528619529,0.048414023372287146,0.08822634621235169,0.6394019439037142,0.10099528314195283
manual_20260504_111908,target_only,mmd,in_domain,7,0.1,0.47591522157996147,0.06711409395973154,0.7744107744107744,0.12352309344790548,0.24918743228602386,0.7085909962322035,0.15672039984344027
manual_20260505_045539,target_only,mmd,in_domain,7,0.5,0.6729287090558767,0.09000942507068803,0.6430976430976431,0.15791649441918149,0.2885196374622357,0.7007005932988062,0.3193225273080764
manual_20260505_194845,target_only,mmd,in_domain,13,0.1,0.46852922286448295,0.05937408599005557,0.6835016835016835,0.1092572658772874,0.22031690905144344,0.6237363802698485,0.086952082555901
manual_20260504_114914,target_only,mmd,in_domain,13,0.5,0.6698779704560052,0.06738809640924742,0.4612794612794613,0.11759656652360514,0.2126668736417262,0.5939999103040748,0.10027543628318561
manual_20260503_152354,target_only,mmd,in_domain,42,0.1,0.4083172768143866,0.05793319415448852,0.7474747474747475,0.10753209009445386,0.2211155378486056,0.6265731558262329,0.08672090561681842
manual_20260503_161329,target_only,mmd,in_domain,42,0.5,0.7236673089274245,0.06049382716049383,0.32996632996632996,0.10224308815858112,0.1745014245014245,0.57068748520443,0.06330473745055487
manual_20260503_180211,target_only,mmd,in_domain,123,0.1,0.48747591522157996,0.06855439642324888,0.7744107744107744,0.12595837897042717,0.2531366938146599,0.7182548806221036,0.19000382742254532
manual_20260503_185116,target_only,mmd,in_domain,123,0.5,0.7217405266538215,0.05842558425584256,0.31986531986531985,0.09880395215808632,0.1687988628287136,0.5109034480135475,0.08300632309701597
manual_20260504_213122,target_only,mmd,in_domain,256,0.1,0.48603082851637763,0.06,0.6666666666666666,0.11009174311926606,0.22058823529411764,0.6305606506247208,0.10209113891962272
manual_20260504_121920,target_only,mmd,in_domain,256,0.5,0.6981374438021837,0.07560321715817694,0.47474747474747475,0.13043478260869565,0.23092040615787748,0.584180477284507,0.11093048479692558
manual_20260504_121921,target_only,mmd,in_domain,512,0.1,0.43978805394990367,0.05911602209944752,0.7205387205387206,0.10926729640030636,0.22254575707154745,0.6323301582111226,0.09281052410999449
manual_20260504_121920,target_only,mmd,in_domain,512,0.5,0.6398522800256904,0.059329710144927536,0.44107744107744107,0.10459081836327346,0.19287396937573617,0.5659046486900138,0.08061997400457138
manual_20260504_124926,target_only,mmd,in_domain,999,0.1,0.5269749518304432,0.07205169628432956,0.7508417508417509,0.13148584905660377,0.26033154331076347,0.7218313637130025,0.17027586301680445
manual_20260504_124926,target_only,mmd,in_domain,999,0.5,0.6192999357739242,0.025183150183150184,0.18518518518518517,0.04433696090286175,0.08155397390272834,0.6840035265258667,0.1923992008542793
manual_20260504_124926,target_only,mmd,in_domain,1337,0.1,0.5110789980732178,0.06297709923664122,0.6666666666666666,0.11508282476024412,0.22853185595567865,0.6223795874782218,0.09175346500999812
manual_20260504_124926,target_only,mmd,in_domain,1337,0.5,0.6973346178548491,0.03944315545243619,0.22895622895622897,0.06729341909945571,0.11675824175824177,0.5792926170602785,0.12080585386421436
manual_20260504_215657,target_only,mmd,in_domain,2024,0.1,0.4290301862556198,0.056839815066630404,0.7037037037037037,0.10518369401107197,0.21479958890030834,0.6143342036108854,0.0821530208799543
manual_20260504_131932,target_only,mmd,in_domain,2024,0.5,0.6192999357739242,0.06244725738396625,0.4983164983164983,0.11098612673415822,0.20798201236649805,0.5922849015076295,0.10284591984675726
manual_20260504_025625,target_only,mmd,out_domain,0,0.1,0.5247780468119451,0.061788617886178863,0.7630522088353414,0.11432009626955475,0.23335789732252518,0.6853677744952228,0.10933220098752963
manual_20260503_230754,target_only,mmd,out_domain,0,0.5,0.6033898305084746,0.05804643714971978,0.5823293172690763,0.10556971241354204,0.20749856897538638,0.6370345154584027,0.08709710765503859
manual_20260506_180730,target_only,mmd,out_domain,1,0.1,0.5226795803066989,0.06294383473208522,0.7831325301204819,0.11652225873916941,0.23815339521250609,0.7120793973066838,0.12788405148824017
manual_20260506_183737,target_only,mmd,out_domain,1,0.5,0.4910411622276029,0.05018587360594796,0.6506024096385542,0.09318377911993098,0.19176136363636367,0.6061359464092496,0.07186508344387516
manual_20260503_232957,target_only,mmd,out_domain,3,0.1,0.5373688458434221,0.07196597971867845,0.8835341365461847,0.13309134906231096,0.2714038983469036,0.8191386467497975,0.2767416010998441
manual_20260503_235632,target_only,mmd,out_domain,3,0.5,0.596771589991929,0.06091370558375635,0.6265060240963856,0.1110320284697509,0.21928591509699186,0.6510772319010316,0.0832220118895491
manual_20260504_070027,target_only,mmd,out_domain,7,0.1,0.500726392251816,0.05113636363636364,0.6506024096385542,0.09482001755926252,0.19452449567723343,0.5984489589707636,0.07305523798539015
manual_20260504_004815,target_only,mmd,out_domain,7,0.5,0.48232445520581113,0.06216696269982238,0.8433734939759037,0.11579818031430934,0.24005486968449935,0.754958616842074,0.19277030500584882
manual_20260504_073035,target_only,mmd,out_domain,13,0.1,0.5456012913640033,0.0711898395721925,0.8554216867469879,0.13144091329836471,0.26705115346038116,0.780660482495066,0.1752981227843537
manual_20260504_013159,target_only,mmd,out_domain,13,0.5,0.4939467312348668,0.0624620982413584,0.8273092369477911,0.11615449675782351,0.239869585468095,0.7581499898011149,0.19880336488037942
manual_20260503_155057,target_only,mmd,out_domain,42,0.1,0.5139628732849072,0.05991077119184194,0.7550200803212851,0.11101269560082669,0.2273826802128689,0.6916201638035493,0.10871647051803635
manual_20260503_162200,target_only,mmd,out_domain,42,0.5,0.4887812752219532,0.05491153142159853,0.7228915662650602,0.10206974766090161,0.21057557323350493,0.6516277015225381,0.09624259150047022
manual_20260503_163702,target_only,mmd,out_domain,123,0.1,0.5283292978208233,0.06223386832623649,0.7630522088353414,0.11508176862507571,0.23462583353914548,0.6920659428835423,0.10786781370807233
manual_20260503_171536,target_only,mmd,out_domain,123,0.5,0.6552058111380146,0.02801400700350175,0.2248995983935743,0.0498220640569395,0.09348914858096827,0.5823029757779858,0.06674035201937963
manual_20260504_043321,target_only,mmd,out_domain,256,0.1,0.4966908797417272,0.05101721439749609,0.6546184738955824,0.09465737514518002,0.19446432832259605,0.6075259666314096,0.07541019162030294
manual_20260504_085830,target_only,mmd,out_domain,256,0.5,0.4841000807102502,0.05710850616170724,0.7630522088353414,0.10626398210290827,0.21975479990747165,0.7027511323464055,0.12305965942880293
manual_20260504_045656,target_only,mmd,out_domain,512,0.1,0.5181598062953995,0.059845559845559844,0.7469879518072289,0.11081322609472744,0.22660818713450295,0.6770364336592924,0.10555605221578877
manual_20260504_024752,target_only,mmd,out_domain,512,0.5,0.4752219531880549,0.0516726403823178,0.6947791164658634,0.0961912705031971,0.19912523020257827,0.6318668552447261,0.0800920081698998
manual_20260504_053235,target_only,mmd,out_domain,999,0.1,0.5052461662631155,0.05216284987277354,0.6586345381526104,0.09666961391099323,0.19806763285024157,0.6089794766013262,0.07413847143441127
manual_20260504_031058,target_only,mmd,out_domain,999,0.5,0.49572235673930587,0.052041134309753816,0.6706827309236948,0.09658762290341237,0.1985731272294887,0.6088058929292683,0.0689129961171094
manual_20260504_103257,target_only,mmd,out_domain,1337,0.1,0.5037933817594834,0.06010588601681719,0.7751004016064257,0.1115606936416185,0.22937960541953886,0.6898019254954565,0.10723889455502696
manual_20260504_033134,target_only,mmd,out_domain,1337,0.5,0.4690879741727199,0.056851311953352766,0.7831325301204819,0.10600706713780919,0.22028920018075013,0.7115721547474796,0.1272369763895423
manual_20260504_105402,target_only,mmd,out_domain,2024,0.1,0.5087974172719936,0.04993556701030928,0.6224899598393574,0.09245451834178348,0.18902439024390244,0.601907123954952,0.07227663742824178
manual_20260504_112509,target_only,mmd,out_domain,2024,0.5,0.662953995157385,0.052554744525547446,0.43373493975903615,0.09375,0.1769911504424779,0.5605827278167497,0.05065436256299166
manual_20260506_030120,target_only,wasserstein,in_domain,0,0.1,0.5327658207516864,0.06118355065195587,0.6443661971830986,0.11175572519083969,0.2217106857281318,0.6391585798872671,0.1105714014606862
manual_20260506_030120,target_only,wasserstein,in_domain,0,0.5,0.5867330549309347,0.07278835386338185,0.6866197183098591,0.13162335470806616,0.255570117955439,0.6978005698275822,0.17050144471347067
manual_20260506_171118,target_only,wasserstein,in_domain,1,0.1,0.5531641503372953,0.07574728260869565,0.7852112676056338,0.13816604708798016,0.2732843137254902,0.7479253677568609,0.22747108048395306
manual_20260506_112228,target_only,wasserstein,in_domain,1,0.5,0.6015097976228718,0.07701193685021178,0.704225352112676,0.13884068031933355,0.2678810608090008,0.7175910562669182,0.17803033149756065
manual_20260506_033125,target_only,wasserstein,in_domain,3,0.1,0.5873755220044973,0.07417070443533358,0.7007042253521126,0.1341422312099764,0.26053940822204763,0.7110258318676786,0.2609623331209093
manual_20260506_033125,target_only,wasserstein,in_domain,3,0.5,0.5859299710889817,0.05019607843137255,0.4507042253521127,0.0903316866619619,0.17362995116657623,0.5404319217221878,0.056206967179389875
manual_20260506_033124,target_only,wasserstein,in_domain,7,0.1,0.5099582396402185,0.03527040644944575,0.36971830985915494,0.06439742410303588,0.12764405543398977,0.5820199724093468,0.0685788436193022
manual_20260506_040132,target_only,wasserstein,in_domain,7,0.5,0.5928364921297784,0.05566521910777734,0.4964788732394366,0.10010649627263046,0.1921504497138185,0.585355028183236,0.09893207594868302
manual_20260506_043137,target_only,wasserstein,in_domain,13,0.1,0.6015097976228718,0.04775627830382874,0.4084507042253521,0.085514190932547,0.16269284712482468,0.500749617191537,0.04637666568818568
manual_20260506_043137,target_only,wasserstein,in_domain,13,0.5,0.5539672341792483,0.05242369838420108,0.5140845070422535,0.09514499837080483,0.18617699566437132,0.5738002569438848,0.07155177035835109
manual_20260506_043207,target_only,wasserstein,in_domain,42,0.1,0.553646000642467,0.05045045045045045,0.49295774647887325,0.09153318077803203,0.17898235745333674,0.5267290379774439,0.056271724663971866
manual_20260506_043207,target_only,wasserstein,in_domain,42,0.5,0.5700289110183103,0.0540439806187104,0.5105633802816901,0.09774182676103808,0.1898402723225975,0.5597513048672378,0.0634749212945049
manual_20260506_114433,target_only,wasserstein,in_domain,123,0.1,0.5409572759396081,0.06254248810333107,0.647887323943662,0.11407315561066336,0.22560078469838157,0.6227452225977881,0.08521069075248158
manual_20260506_050213,target_only,wasserstein,in_domain,123,0.5,0.5849662704786379,0.05529775715390565,0.5035211267605634,0.09965156794425087,0.19210102095647505,0.56014655756823,0.06445273178333814
manual_20260506_050214,target_only,wasserstein,in_domain,256,0.1,0.558303886925795,0.06245564229950319,0.6197183098591549,0.11347517730496454,0.22255943348507837,0.6129871622870849,0.0783284187439666
manual_20260506_050214,target_only,wasserstein,in_domain,256,0.5,0.576935432059107,0.055597579425113466,0.5176056338028169,0.10040983606557377,0.19444444444444445,0.577955447257764,0.07323125967095463
manual_20260506_050214,target_only,wasserstein,in_domain,512,0.1,0.5653710247349824,0.0508160237388724,0.4823943661971831,0.09194630872483221,0.17875782881002092,0.5422748541061244,0.06165817859176506
manual_20260506_212013,target_only,wasserstein,in_domain,512,0.5,0.5695470607131384,0.04928517682468021,0.4612676056338028,0.08905506458191706,0.17264101212440694,0.5407868787954926,0.05547239101028111
manual_20260506_053222,target_only,wasserstein,in_domain,999,0.1,0.554930934789592,0.05951115834218916,0.5915492957746479,0.10814290312198262,0.21217479161404398,0.6149853513541701,0.08172844532485105
manual_20260506_053222,target_only,wasserstein,in_domain,999,0.5,0.6005460970125281,0.04948875255623722,0.426056338028169,0.0886771711249542,0.1689472214465233,0.5414867190351804,0.05722510571560475
manual_20260506_053219,target_only,wasserstein,in_domain,1337,0.1,0.5271442338580148,0.04669393319700068,0.4823943661971831,0.08514605344934742,0.1683046683046683,0.5015294561038395,0.04818310056040262
manual_20260506_114603,target_only,wasserstein,in_domain,1337,0.5,0.5936395759717314,0.06269470404984423,0.5669014084507042,0.11290322580645161,0.21733261339092871,0.6263374592895644,0.13075974341849475
manual_20260506_060233,target_only,wasserstein,in_domain,2024,0.1,0.524092515258593,0.04731328151402501,0.49295774647887325,0.08633980881899475,0.17094017094017094,0.5377107816877705,0.05728155284107829
manual_20260506_060233,target_only,wasserstein,in_domain,2024,0.5,0.6024734982332155,0.04936240230357877,0.4225352112676056,0.08839779005524862,0.16820857863751051,0.529684840784864,0.053191571957154384
manual_20260505_165536,target_only,wasserstein,out_domain,0,0.1,0.45231563659835405,0.03225806451612903,0.4122137404580153,0.059833795013850416,0.12283894449499544,0.5964680990630044,0.06804148137940472
manual_20260505_165536,target_only,wasserstein,out_domain,0,0.5,0.6138454090689043,0.04947145877378435,0.44656488549618323,0.08907499048344118,0.17140345736888368,0.565826993446819,0.07227520819082324
manual_20260506_002718,target_only,wasserstein,out_domain,1,0.1,0.4010004841052122,0.05031282586027112,0.7366412213740458,0.09419228892142509,0.1975839475839476,0.6089802375608533,0.07573594926867507
manual_20260505_172841,target_only,wasserstein,out_domain,1,0.5,0.5972244634500565,0.04667207792207792,0.4389312977099237,0.08437270726338958,0.1637243735763098,0.5575451616429898,0.06740299360782472
manual_20260505_172842,target_only,wasserstein,out_domain,3,0.1,0.4702275294497337,0.03162790697674418,0.3893129770992366,0.0585030111843992,0.11935408378188624,0.5945433030862332,0.07299079195561434
manual_20260505_172842,target_only,wasserstein,out_domain,3,0.5,0.49491689527190574,0.051875,0.6335877862595419,0.09589832466782207,0.19538606403013178,0.6016932802562108,0.07690813943790803
manual_20260505_175849,target_only,wasserstein,out_domain,7,0.1,0.35614006777472973,0.049975857073877354,0.7900763358778626,0.09400544959128065,0.19942196531791906,0.6134427030746574,0.07603820508141124
manual_20260505_175849,target_only,wasserstein,out_domain,7,0.5,0.5341294174600614,0.048503611971104234,0.5381679389312977,0.08898706216472073,0.17825537294563845,0.5657202389756716,0.06423768468549795
manual_20260505_175848,target_only,wasserstein,out_domain,13,0.1,0.45780216233661447,0.033995186522262334,0.4312977099236641,0.0630228667038483,0.12923147301006405,0.5853450548885187,0.06642701586206264
manual_20260506_050143,target_only,wasserstein,out_domain,13,0.5,0.5794739390027432,0.06170531039640987,0.6297709923664122,0.11239782016348773,0.2216550241805481,0.6612892853238326,0.15185937734544647
manual_20260505_182854,target_only,wasserstein,out_domain,42,0.1,0.4792641600774568,0.05467107239411235,0.6946564885496184,0.10136452241715399,0.2079049577336075,0.6169553110349396,0.07823995383687085
manual_20260505_182857,target_only,wasserstein,out_domain,42,0.5,0.5931902533483944,0.06135922330097087,0.6030534351145038,0.11138526612618964,0.21805133866961077,0.6531759455166337,0.1447623098024369
manual_20260505_182856,target_only,wasserstein,out_domain,123,0.1,0.48200742294658705,0.03324889170360988,0.40076335877862596,0.06140350877192982,0.12482168330955778,0.595429493816601,0.07315977840174065
manual_20260505_185903,target_only,wasserstein,out_domain,123,0.5,0.6254639341616911,0.052974381241858444,0.46564885496183206,0.09512670565302145,0.18203521336914355,0.5605805899792279,0.08180642425444772
manual_20260505_185902,target_only,wasserstein,out_domain,256,0.1,0.45780216233661447,0.030890369473046637,0.3893129770992366,0.05723905723905724,0.11724137931034481,0.6099667517701306,0.07883543557481344
manual_20260505_185903,target_only,wasserstein,out_domain,256,0.5,0.6088429885428434,0.05293631100082713,0.48854961832061067,0.0955223880597015,0.1846508944027698,0.5682302552460818,0.07746649381549744
manual_20260505_192911,target_only,wasserstein,out_domain,512,0.1,0.3646925931902533,0.04996326230712711,0.7786259541984732,0.09390103567318757,0.19879165854609235,0.609461918879464,0.06752639649828061
manual_20260505_192911,target_only,wasserstein,out_domain,512,0.5,0.6395029853154752,0.059428060768543345,0.5076335877862596,0.1064,0.2023737066342057,0.5901084908390516,0.0962801948850346
manual_20260505_192912,target_only,wasserstein,out_domain,999,0.1,0.5068581571728256,0.052243589743589745,0.6221374045801527,0.09639266706091071,0.19553742802303262,0.5874949355936128,0.07158020962179212
manual_20260505_192912,target_only,wasserstein,out_domain,999,0.5,0.5922220429239955,0.04826485839648983,0.4618320610687023,0.08739617190321415,0.17018284106891704,0.5554145739146092,0.06282800715466028
manual_20260506_011328,target_only,wasserstein,out_domain,1337,0.1,0.47119573987413266,0.02875898718349484,0.3511450381679389,0.05316382548396417,0.10831174947021424,0.6162331106066355,0.07658806130332835
manual_20260505_195916,target_only,wasserstein,out_domain,1337,0.5,0.5894787800548652,0.06182795698924731,0.6145038167938931,0.11235170969993022,0.22042716319824754,0.6493514344328186,0.13972440986897056
manual_20260505_195918,target_only,wasserstein,out_domain,2024,0.1,0.5300952073583992,0.022350396539293438,0.2366412213740458,0.04084321475625823,0.08110936682365254,0.6737165347241426,0.1883767974715991
manual_20260505_195918,target_only,wasserstein,out_domain,2024,0.5,0.5889946748426658,0.04930966469428008,0.4770992366412214,0.0893814801573114,0.17443483114708347,0.5555091095005049,0.06222737402009691
